{
    "Nu": 640,
    "Nv": 640,
    "ppx": 5.86e-06,
    "ppy": 5.86e-06,
    "fx": 0.003247941674353159,
    "fy": 0.003247941674353159,
    "ccx": 320.0,
    "ccy": 320.0,
    "cameraMatrix": [
        [
            554.2562584220408,
            0,
            320.0
        ],
        [
            0,
            554.2562584220408,
            320.0
        ],
        [
            0,
            0,
            1
        ]
    ],
    "distCoeffs": [
        0,
        0,
        0,
        0,
        0
    ]
}